用户ID,性别,百分位,行李质量_kg,场景类型,斜坡角度_deg,摩擦系数,水平加速度_m_s2,拉行系数,操作类型,肩关节角度_deg,肘关节角度_deg,腕关节角度_deg,手部水平作用力_N,手部垂直作用力_N,手部合力_N,腕关节力矩_X_Nm,腕关节力矩_Y_Nm,腕关节力矩_Z_Nm,腕关节力矩_合_Nm,肘关节力矩_X_Nm,肘关节力矩_Y_Nm,肘关节力矩_Z_Nm,肘关节力矩_合_Nm,肩关节力矩_X_Nm,肩关节力矩_Y_Nm,肩关节力矩_Z_Nm,肩关节力矩_合_Nm,MVC百分比,疲劳惩罚值,拇指估算总接触力_N,食指估算总接触力_N,中指估算总接触力_N,无名指估算总接触力_N,小指估算总接触力_N
男_P50,男,P50,6.5,机场平路,0,0.035,0.5,0.3,pulling,0,0,0,5.481775000000001,1.6445325000000002,5.723141121288314,-0.0,-3.7254512630099996,-0.0,3.7254512630099996,-0.0,14.732465549872499,0.0,14.732465549872499,-0.0,40.470024900217496,0.0,40.470024900217496,1.1923210669350652,0,1.8314051588122604,1.602479513960728,1.3735538691091953,0.6295455233417145,0.2861570560644157
女_P50,女,P50,6.5,机场平路,0,0.035,0.5,0.3,pulling,0,0,0,5.481775000000001,1.6445325000000002,5.723141121288314,-0.0,-2.7615714147375,-0.0,2.7615714147375,-0.0,10.841118392250001,0.0,10.841118392250001,-0.0,29.41295010139501,0.0,29.41295010139501,1.734285188269186,0,1.8314051588122604,1.602479513960728,1.3735538691091953,0.6295455233417145,0.2861570560644157
男_P50,男,P50,6.5,斜坡,5.0,0.035,0.6,0.3,pulling,0,0,0,12.133845194501943,3.640153558350583,12.668106296227164,-0.0,-3.7252676658726314,-0.0,3.7252676658726314,-0.0,14.731812981786417,0.0,14.731812981786417,-0.0,40.46873772463486,0.0,40.46873772463486,2.6391888117139923,0,4.053794014792692,3.547069762943606,3.040345511094519,1.393491692584988,0.6334053148113582
